IstTimestamp,cSum
2019-02-11 09:50:14.413,1
2019-02-11 09:50:19.535,2
2019-02-11 09:50:20.165,3
2019-02-11 09:50:20.924,4
2019-02-11 09:52:28.426,5
2019-02-11 09:52:29.468,6
2019-02-11 09:52:30.334,7
2019-02-11 09:53:38.064,8
2019-02-11 09:55:23.302,9
2019-02-11 09:55:26.850,10
2019-02-11 09:55:29.310,11
2019-02-11 09:55:31.801,12
2019-02-11 09:55:33.935,13
2019-02-11 09:55:35.859,14
2019-02-11 09:55:37.789,15
2019-02-11 09:55:40.369,16
2019-02-11 09:56:00.511,17
2019-02-11 09:56:02.674,18
2019-02-11 09:56:05.484,19
2019-02-11 09:56:07.494,20
2019-02-11 09:56:15.424,21
2019-02-11 09:56:17.644,22
2019-02-11 09:56:19.402,23
2019-02-11 09:56:37.966,24
2019-02-11 09:56:39.424,25
2019-02-11 09:56:40.724,26
2019-02-11 09:56:42.244,27
2019-02-11 09:56:43.674,28
2019-02-11 09:56:45.244,29
2019-02-11 09:56:50.743,30
2019-02-11 09:56:52.524,31
2019-02-11 09:56:57.042,32
2019-02-11 09:57:03.494,33
2019-02-11 09:58:10.039,34
2019-02-11 09:58:50.142,35
2019-02-11 09:58:51.873,36
2019-02-11 09:58:53.645,37
2019-02-11 09:58:56.685,38
2019-02-11 09:59:22.082,39
2019-02-11 09:59:45.484,40
2019-02-11 09:59:56.309,41
2019-02-11 10:00:23.564,42
2019-02-11 10:00:59.863,43
2019-02-11 10:01:08.574,44
2019-02-11 10:01:12.724,45
2019-02-11 10:02:03.117,46
2019-02-11 10:02:35.612,47
2019-02-11 10:02:47.920,48
2019-02-11 10:02:52.520,49
2019-02-11 10:02:58.570,50
2019-02-11 10:03:00.260,51
2019-02-11 10:03:02.239,52
2019-02-11 10:03:03.970,53
2019-02-11 10:03:06.789,54
2019-02-11 10:03:09.909,55
2019-02-11 10:03:14.821,56
2019-02-11 10:03:17.790,57
2019-02-11 10:03:21.179,58
2019-02-11 10:03:24.589,59
2019-02-11 10:03:27.141,60
2019-02-11 10:03:30.250,61
2019-02-11 10:03:32.840,62
2019-02-11 10:03:35.589,63
2019-02-11 10:03:45.289,64
2019-02-11 10:03:51.621,65
2019-02-11 10:04:24.807,66
2019-02-11 10:04:31.327,67
2019-02-11 10:04:38.850,68
2019-02-11 10:04:47.212,69
2019-02-11 10:05:03.349,70
2019-02-11 10:05:08.600,71
2019-02-11 10:05:15.559,72
2019-02-11 10:05:22.280,73
2019-02-11 10:05:28.775,74
2019-02-11 10:05:31.819,75
2019-02-11 10:05:35.231,76
2019-02-11 10:05:39.519,77
2019-02-11 10:06:34.020,78
2019-02-11 10:06:46.633,79
2019-02-11 10:06:52.410,80
2019-02-11 10:06:58.550,81
2019-02-11 10:07:03.189,82
2019-02-11 10:07:38.173,83
2019-02-11 10:07:44.045,84
2019-02-11 10:07:53.581,85
2019-02-11 10:08:14.130,86
2019-02-11 10:08:23.292,87
2019-02-11 10:08:25.850,88
2019-02-11 10:08:28.229,89
2019-02-11 10:08:30.339,90
2019-02-11 10:08:35.575,91
2019-02-11 10:08:42.340,92
2019-02-11 10:08:46.659,93
2019-02-11 10:08:51.669,94
2019-02-11 10:09:01.492,95
2019-02-11 10:09:05.710,96
2019-02-11 10:09:15.089,97
2019-02-11 10:09:20.942,98
2019-02-11 10:09:43.465,99
2019-02-11 10:10:08.611,100
2019-02-11 10:10:22.764,101
2019-02-11 10:10:56.970,102
2019-02-11 10:11:07.713,103
2019-02-11 10:11:17.210,104
2019-02-11 10:11:20.961,105
2019-02-11 10:11:25.810,106
2019-02-11 10:11:30.879,107
2019-02-11 10:11:34.949,108
2019-02-11 10:11:48.300,109
2019-02-11 10:12:08.783,110
2019-02-11 10:12:13.670,111
2019-02-11 10:12:20.082,112
2019-02-11 10:12:22.760,113
2019-02-11 10:12:27.522,114
2019-02-11 10:12:32.790,115
2019-02-11 10:12:39.600,116
2019-02-11 10:12:42.949,117
2019-02-11 10:12:45.070,118
2019-02-11 10:12:48.250,119
2019-02-11 10:12:54.042,120
2019-02-11 10:12:59.695,121
2019-02-11 10:13:02.880,122
2019-02-11 10:13:08.749,123
2019-02-11 10:13:22.734,124
2019-02-11 10:13:27.359,125
2019-02-11 10:13:33.119,126
2019-02-11 10:13:39.276,127
2019-02-11 10:13:59.643,126
2019-02-11 10:14:13.240,127
2019-02-11 10:14:18.476,128
2019-02-11 10:14:32.689,129
2019-02-11 10:15:02.985,130
2019-02-11 10:15:14.859,129
2019-02-11 10:15:20.541,130
2019-02-11 10:15:35.024,131
2019-02-11 10:15:43.956,132
2019-02-11 10:15:52.764,133
2019-02-11 10:16:54.924,134
2019-02-11 10:16:59.469,135
2019-02-11 10:17:05.980,136
2019-02-11 10:17:15.222,137
2019-02-11 10:17:17.751,138
2019-02-11 10:17:20.499,139
2019-02-11 10:17:25.479,140
2019-02-11 10:17:30.164,141
2019-02-11 10:17:33.290,142
2019-02-11 10:17:39.690,143
2019-02-11 10:17:43.312,144
2019-02-11 10:17:48.049,145
2019-02-11 10:18:03.189,146
2019-02-11 10:19:10.090,147
2019-02-11 10:19:17.092,148
2019-02-11 10:19:24.849,149
2019-02-11 10:19:27.049,150
2019-02-11 10:21:04.686,151
2019-02-11 10:21:12.188,152
2019-02-11 10:21:37.924,153
2019-02-11 10:21:49.010,152
2019-02-11 10:22:22.927,151
2019-02-11 10:22:42.435,152
2019-02-11 10:23:17.495,153
2019-02-11 10:23:37.282,154
2019-02-11 10:23:52.675,155
2019-02-11 10:23:57.146,156
2019-02-11 10:24:38.533,157
2019-02-11 10:24:43.560,156
2019-02-11 10:25:31.074,157
2019-02-11 10:25:35.206,158
2019-02-11 10:25:41.827,159
2019-02-11 10:25:47.027,160
2019-02-11 10:25:59.220,161
2019-02-11 10:26:04.016,162
2019-02-11 10:26:09.515,163
2019-02-11 10:26:14.015,164
2019-02-11 10:26:23.636,165
2019-02-11 10:26:30.936,166
2019-02-11 10:26:37.995,167
2019-02-11 10:26:45.515,168
2019-02-11 10:27:36.691,167
2019-02-11 10:28:03.207,168
2019-02-11 10:28:32.231,169
2019-02-11 10:29:47.880,168
2019-02-11 10:29:53.701,169
2019-02-11 10:30:03.616,170
2019-02-11 10:30:10.220,171
2019-02-11 10:30:48.779,172
2019-02-11 10:32:10.809,173
2019-02-11 10:33:00.587,174
2019-02-11 10:33:10.631,175
2019-02-11 10:33:30.665,176
2019-02-11 10:36:20.991,175
2019-02-11 10:37:14.016,176
2019-02-11 10:37:55.940,177
2019-02-11 10:38:03.841,178
2019-02-11 10:38:22.959,179
2019-02-11 10:38:32.913,180
2019-02-11 10:39:48.042,181
2019-02-11 10:39:53.290,182
2019-02-11 10:39:57.451,183
2019-02-11 10:40:01.570,184
2019-02-11 10:40:03.441,183
2019-02-11 10:41:05.832,184
2019-02-11 10:41:09.050,185
2019-02-11 10:41:23.625,186
2019-02-11 10:41:56.394,187
2019-02-11 10:41:59.975,188
2019-02-11 10:42:33.250,189
2019-02-11 10:42:56.484,188
2019-02-11 10:43:46.651,189
2019-02-11 10:44:33.012,190
2019-02-11 10:44:41.571,191
2019-02-11 10:44:45.873,190
2019-02-11 10:44:48.160,189
2019-02-11 10:44:51.710,188
2019-02-11 10:45:04.511,187
2019-02-11 10:45:13.040,186
2019-02-11 10:45:19.880,187
2019-02-11 10:45:25.400,188
2019-02-11 10:46:20.656,189
2019-02-11 10:46:43.470,190
2019-02-11 10:46:58.150,191
2019-02-11 10:47:21.721,192
2019-02-11 10:47:25.281,193
2019-02-11 10:47:41.572,194
2019-02-11 10:47:45.006,195
2019-02-11 10:47:50.039,196
2019-02-11 10:47:55.118,197
2019-02-11 10:48:04.436,198
2019-02-11 10:48:23.357,199
2019-02-11 10:48:33.906,200
2019-02-11 10:49:39.188,201
2019-02-11 10:49:55.332,202
2019-02-11 10:50:21.998,203
2019-02-11 10:51:07.134,204
2019-02-11 10:52:10.421,205
2019-02-11 10:52:26.783,206
2019-02-11 10:52:49.778,207
2019-02-11 10:53:03.491,208
2019-02-11 10:55:18.359,207
2019-02-11 10:57:30.047,208
2019-02-11 10:57:36.195,209
2019-02-11 10:57:37.974,210
2019-02-11 10:58:01.604,211
2019-02-11 10:58:18.364,210
2019-02-11 10:58:19.435,211
2019-02-11 11:01:03.771,210
2019-02-11 11:01:17.081,211
2019-02-11 11:01:32.455,212
2019-02-11 11:01:44.890,213
2019-02-11 11:02:02.396,214
2019-02-11 11:02:07.307,215
2019-02-11 11:02:10.506,216
2019-02-11 11:02:31.046,217
2019-02-11 11:02:44.712,218
2019-02-11 11:02:46.266,219
2019-02-11 11:02:53.157,220
2019-02-11 11:04:08.288,221
2019-02-11 11:04:12.796,222
2019-02-11 11:04:25.827,221
2019-02-11 11:06:03.735,220
2019-02-11 11:06:52.306,221
2019-02-11 11:10:06.484,222
2019-02-11 11:12:42.911,221
2019-02-11 11:13:10.522,222
2019-02-11 11:15:00.305,223
2019-02-11 11:19:34.008,222
2019-02-11 11:19:41.894,223
2019-02-11 11:20:29.924,224
2019-02-11 11:21:27.206,225
2019-02-11 11:21:37.972,226
2019-02-11 11:23:25.058,227
2019-02-11 11:23:26.480,228
2019-02-11 11:23:56.639,229
2019-02-11 11:23:58.400,230
2019-02-11 11:25:27.241,231
2019-02-11 11:27:22.315,232
2019-02-11 11:30:38.604,233
2019-02-11 11:30:54.154,234
2019-02-11 11:31:11.326,235
2019-02-11 11:32:52.969,234
2019-02-11 11:35:16.026,233
2019-02-11 11:35:43.061,234
2019-02-11 11:36:23.126,233
2019-02-11 11:36:37.427,234
2019-02-11 11:37:30.196,235
2019-02-11 11:37:39.411,236
2019-02-11 11:37:43.251,235
2019-02-11 11:38:10.536,234
2019-02-11 11:39:06.587,235
2019-02-11 11:39:13.066,236
2019-02-11 11:39:55.721,237
2019-02-11 11:40:40.780,238
2019-02-11 11:41:07.522,239
2019-02-11 11:41:36.157,238
2019-02-11 11:41:46.692,237
2019-02-11 11:41:50.485,236
2019-02-11 11:42:02.601,235
2019-02-11 11:42:45.021,236
2019-02-11 11:44:20.866,237
2019-02-11 11:45:01.105,236
2019-02-11 11:45:48.425,235
2019-02-11 11:45:57.366,236
2019-02-11 11:46:41.709,237
2019-02-11 11:47:24.510,236
2019-02-11 11:48:08.265,237
2019-02-11 11:48:30.466,238
2019-02-11 11:48:56.525,237
2019-02-11 11:49:53.483,236
2019-02-11 11:50:07.287,235
2019-02-11 11:51:42.802,234
2019-02-11 11:52:04.089,233
2019-02-11 11:52:51.096,232
2019-02-11 11:53:08.745,233
2019-02-11 11:53:29.130,234
2019-02-11 11:55:21.141,235
2019-02-11 11:55:24.240,236
2019-02-11 11:56:00.969,235
2019-02-11 11:56:36.565,236
2019-02-11 11:57:38.757,237
2019-02-11 11:57:53.537,236
2019-02-11 11:59:14.106,235
2019-02-11 12:00:39.055,236
2019-02-11 12:02:49.091,235
2019-02-11 12:03:57.401,234
2019-02-11 12:04:52.201,235
2019-02-11 12:04:59.003,236
2019-02-11 12:05:14.801,235
2019-02-11 12:05:44.771,234
2019-02-11 12:06:26.885,235
2019-02-11 12:08:22.013,234
2019-02-11 12:08:52.545,233
2019-02-11 12:09:39.085,232
2019-02-11 12:09:52.871,231
2019-02-11 12:11:08.836,230
2019-02-11 12:13:27.255,229
2019-02-11 12:14:29.093,230
2019-02-11 12:15:16.750,229
2019-02-11 12:19:12.006,230
2019-02-11 12:21:12.030,229
2019-02-11 12:21:28.455,228
2019-02-11 12:21:35.065,229
2019-02-11 12:22:18.000,230
2019-02-11 12:25:04.445,231
2019-02-11 12:25:45.113,232
2019-02-11 12:26:49.891,231
2019-02-11 12:28:20.292,232
2019-02-11 12:28:33.043,231
2019-02-11 12:29:48.449,232
2019-02-11 12:31:08.670,231
2019-02-11 12:31:15.437,230
2019-02-11 12:32:13.301,231
2019-02-11 12:32:18.826,230
2019-02-11 12:32:35.585,231
2019-02-11 12:32:42.295,230
2019-02-11 12:34:14.976,229
2019-02-11 12:34:31.420,228
2019-02-11 12:35:05.858,229
2019-02-11 12:35:28.254,228
2019-02-11 12:35:32.355,229
2019-02-11 12:35:45.964,230
2019-02-11 12:35:49.412,231
2019-02-11 12:35:54.065,232
2019-02-11 12:35:58.010,233
2019-02-11 12:36:03.351,234
2019-02-11 12:38:46.777,235
2019-02-11 12:39:01.071,234
2019-02-11 12:39:07.631,235
2019-02-11 12:40:16.425,234
2019-02-11 12:42:48.659,233
2019-02-11 12:44:43.053,232
2019-02-11 12:45:37.237,231
2019-02-11 12:47:28.607,232
2019-02-11 12:48:02.082,231
2019-02-11 12:48:37.591,232
2019-02-11 12:48:58.696,233
2019-02-11 12:50:21.821,232
2019-02-11 12:50:35.561,233
2019-02-11 12:50:41.353,234
2019-02-11 12:51:29.337,233
2019-02-11 12:53:16.571,232
2019-02-11 12:55:32.600,233
2019-02-11 12:55:36.872,234
2019-02-11 12:57:03.537,233
2019-02-11 12:57:15.367,232
2019-02-11 12:57:36.196,231
2019-02-11 12:59:47.716,232
2019-02-11 13:00:11.641,231
2019-02-11 13:00:41.333,230
2019-02-11 13:01:08.314,231
2019-02-11 13:01:37.442,230
2019-02-11 13:02:32.836,231
2019-02-11 13:02:52.011,232
2019-02-11 13:03:06.911,233
2019-02-11 13:04:20.322,232
2019-02-11 13:07:01.765,233
2019-02-11 13:07:31.721,232
2019-02-11 13:08:23.346,231
2019-02-11 13:08:44.740,230
2019-02-11 13:08:54.990,231
2019-02-11 13:08:59.736,230
2019-02-11 13:09:16.326,231
2019-02-11 13:09:22.686,232
2019-02-11 13:09:33.109,233
2019-02-11 13:10:21.823,232
2019-02-11 13:12:18.132,231
2019-02-11 13:12:29.243,230
2019-02-11 13:13:29.313,231
2019-02-11 13:14:12.601,232
2019-02-11 13:15:12.821,233
2019-02-11 13:15:34.776,234
2019-02-11 13:16:39.222,235
2019-02-11 13:16:59.846,234
2019-02-11 13:17:26.761,235
2019-02-11 13:18:30.163,234
2019-02-11 13:21:14.690,233
2019-02-11 13:21:54.253,234
2019-02-11 13:22:33.037,235
2019-02-11 13:22:48.479,236
2019-02-11 13:23:17.156,237
2019-02-11 13:24:12.861,238
2019-02-11 13:26:40.552,237
2019-02-11 13:28:06.113,236
2019-02-11 13:28:34.127,237
2019-02-11 13:28:41.417,238
2019-02-11 13:29:44.692,237
2019-02-11 13:30:31.076,238
2019-02-11 13:31:14.717,237
2019-02-11 13:32:24.547,236
2019-02-11 13:33:18.376,235
2019-02-11 13:34:11.636,234
2019-02-11 13:34:21.027,233
2019-02-11 13:34:25.749,234
2019-02-11 13:34:50.287,233
2019-02-11 13:35:11.826,232
2019-02-11 13:35:25.799,231
2019-02-11 13:35:40.016,230
2019-02-11 13:36:18.722,229
2019-02-11 13:37:10.502,230
2019-02-11 13:37:39.183,229
2019-02-11 13:38:01.988,228
2019-02-11 13:38:26.199,227
2019-02-11 13:38:59.517,226
2019-02-11 13:39:41.213,225
2019-02-11 13:39:52.627,224
2019-02-11 13:40:10.902,223
2019-02-11 13:40:15.111,222
2019-02-11 13:40:23.912,221
2019-02-11 13:40:28.914,220
2019-02-11 13:40:38.147,219
2019-02-11 13:40:47.467,218
2019-02-11 13:40:58.707,217
2019-02-11 13:41:02.551,216
2019-02-11 13:41:12.010,215
2019-02-11 13:41:26.491,214
2019-02-11 13:41:30.126,213
2019-02-11 13:41:33.496,214
2019-02-11 13:41:40.347,213
2019-02-11 13:41:42.726,212
2019-02-11 13:42:17.322,211
2019-02-11 13:42:38.160,210
2019-02-11 13:42:42.475,209
2019-02-11 13:43:01.482,208
2019-02-11 13:43:17.622,207
2019-02-11 13:43:29.114,206
2019-02-11 13:43:37.311,205
2019-02-11 13:43:50.137,204
2019-02-11 13:44:53.559,203
2019-02-11 13:46:05.596,202
2019-02-11 13:46:23.524,201
2019-02-11 13:46:38.811,200
2019-02-11 13:47:03.327,199
2019-02-11 13:47:36.336,198
2019-02-11 13:47:41.443,197
2019-02-11 13:47:58.698,196
2019-02-11 13:48:07.164,197
2019-02-11 13:48:10.764,196
2019-02-11 13:48:12.663,195
2019-02-11 13:48:22.762,194
2019-02-11 13:49:14.756,193
2019-02-11 13:49:34.111,192
2019-02-11 13:49:58.726,193
2019-02-11 13:50:02.247,192
2019-02-11 13:50:04.086,191
2019-02-11 13:50:50.431,190
2019-02-11 13:51:05.246,189
2019-02-11 13:51:24.103,188
2019-02-11 13:51:25.919,187
2019-02-11 13:51:38.226,188
2019-02-11 13:51:44.096,187
2019-02-11 13:51:51.118,186
2019-02-11 13:51:53.362,185
2019-02-11 13:52:06.576,184
2019-02-11 13:52:55.661,183
2019-02-11 13:53:06.657,182
2019-02-11 13:53:21.462,181
2019-02-11 13:53:32.981,180
2019-02-11 13:53:41.484,179
2019-02-11 13:53:56.184,180
2019-02-11 13:54:03.872,179
2019-02-11 13:54:14.112,178
2019-02-11 13:54:18.832,177
2019-02-11 13:54:27.471,176
2019-02-11 13:54:35.093,177
2019-02-11 13:55:10.551,176
2019-02-11 13:55:31.711,177
2019-02-11 13:55:48.002,176
2019-02-11 13:55:49.882,175
2019-02-11 13:55:53.211,174
2019-02-11 13:56:07.193,175
2019-02-11 13:57:03.172,174
2019-02-11 13:57:05.647,173
2019-02-11 13:57:20.522,172
2019-02-11 13:57:55.030,171
2019-02-11 13:58:03.121,170
2019-02-11 13:58:18.987,169
2019-02-11 13:58:36.497,168
2019-02-11 13:58:45.029,169
2019-02-11 13:58:51.121,168
2019-02-11 13:59:24.076,167
2019-02-11 13:59:46.262,166
2019-02-11 14:00:00.557,167
2019-02-11 14:00:11.811,166
2019-02-11 14:00:16.239,165
2019-02-11 14:00:56.274,166
2019-02-11 14:01:01.633,167
2019-02-11 14:01:08.942,166
2019-02-11 14:02:26.047,165
2019-02-11 14:02:45.483,164
2019-02-11 14:03:05.781,163
2019-02-11 14:03:16.616,162
2019-02-11 14:03:33.523,161
2019-02-11 14:04:35.402,160
2019-02-11 14:04:55.506,159
2019-02-11 14:05:05.162,160
2019-02-11 14:05:52.873,159
2019-02-11 14:05:55.176,158
2019-02-11 14:06:33.321,157
2019-02-11 14:07:37.088,156
2019-02-11 14:07:43.417,155
2019-02-11 14:08:06.657,154
2019-02-11 14:08:40.165,153
2019-02-11 14:09:10.154,154
2019-02-11 14:09:11.494,153
2019-02-11 14:09:52.891,152
2019-02-11 14:10:22.216,151
2019-02-11 14:10:47.102,150
2019-02-11 14:10:56.562,149
2019-02-11 14:11:37.586,148
2019-02-11 14:12:20.353,147
2019-02-11 14:13:08.996,148
2019-02-11 14:13:23.615,147
2019-02-11 14:13:32.495,146
2019-02-11 14:13:35.965,147
2019-02-11 14:13:41.174,148
2019-02-11 14:13:56.472,147
2019-02-11 14:14:42.085,148
2019-02-11 14:14:42.823,147
2019-02-11 14:14:50.911,146
2019-02-11 14:15:57.927,145
2019-02-11 14:16:05.360,146
2019-02-11 14:16:08.009,145
2019-02-11 14:16:26.670,144
2019-02-11 14:16:35.001,145
2019-02-11 14:16:41.610,146
2019-02-11 14:17:40.284,145
2019-02-11 14:17:47.220,144
2019-02-11 14:17:50.609,145
2019-02-11 14:18:11.850,144
2019-02-11 14:19:04.744,143
2019-02-11 14:19:15.969,142
2019-02-11 14:20:36.605,141
2019-02-11 14:20:40.364,140
2019-02-11 14:20:47.645,139
2019-02-11 14:20:50.237,138
2019-02-11 14:21:35.757,137
2019-02-11 14:21:49.514,138
2019-02-11 14:21:51.563,137
2019-02-11 14:22:03.547,136
2019-02-11 14:22:14.145,135
2019-02-11 14:22:52.115,134
2019-02-11 14:23:00.605,133
2019-02-11 14:23:51.579,132
2019-02-11 14:23:55.360,131
2019-02-11 14:23:59.250,130
2019-02-11 14:24:39.782,129
2019-02-11 14:24:57.053,128
2019-02-11 14:26:13.291,127
2019-02-11 14:27:48.371,126
2019-02-11 14:28:16.481,125
2019-02-11 14:28:41.307,126
2019-02-11 14:28:52.025,125
2019-02-11 14:28:57.042,124
2019-02-11 14:29:05.503,123
2019-02-11 14:29:23.275,124
2019-02-11 14:30:23.445,123
2019-02-11 14:30:33.511,122
2019-02-11 14:31:13.305,121
2019-02-11 14:31:17.841,122
2019-02-11 14:31:51.622,123
2019-02-11 14:32:18.204,122
2019-02-11 14:33:34.693,121
2019-02-11 14:34:25.293,120
2019-02-11 14:35:22.082,119
2019-02-11 14:35:43.327,118
2019-02-11 14:36:51.236,117
2019-02-11 14:38:00.022,116
2019-02-11 14:39:08.176,115
2019-02-11 14:39:43.402,114
2019-02-11 14:40:10.527,113
2019-02-11 14:40:41.117,112
2019-02-11 14:40:47.226,111
2019-02-11 14:40:53.088,110
2019-02-11 14:41:46.037,109
2019-02-11 14:43:17.201,110
2019-02-11 14:43:18.341,111
2019-02-11 14:43:20.022,112
2019-02-11 14:44:03.616,111
2019-02-11 14:45:22.835,110
2019-02-11 14:46:00.092,111
2019-02-11 14:46:40.057,112
2019-02-11 14:47:17.681,111
2019-02-11 14:47:44.681,110
2019-02-11 14:48:10.652,109
2019-02-11 14:48:18.785,108
2019-02-11 14:48:29.932,107
2019-02-11 14:48:57.471,108
2019-02-11 14:50:22.429,109
2019-02-11 14:50:35.429,110
2019-02-11 14:53:22.256,111
2019-02-11 14:53:57.395,112
2019-02-11 14:54:11.439,111
2019-02-11 14:56:02.156,110
2019-02-11 14:57:29.038,109
2019-02-11 14:57:32.670,110
2019-02-11 14:58:15.079,111
2019-02-11 14:59:46.209,110
2019-02-11 14:59:54.759,111
2019-02-11 15:00:19.029,110
2019-02-11 15:00:23.614,109
2019-02-11 15:05:12.987,108
2019-02-11 15:06:57.280,109
2019-02-11 15:07:09.468,110
2019-02-11 15:09:01.348,109
2019-02-11 15:10:04.459,110
2019-02-11 15:11:20.890,109
2019-02-11 15:12:19.840,110
2019-02-11 15:15:16.084,111
2019-02-11 15:18:31.333,110
2019-02-11 15:20:01.813,109
2019-02-11 15:20:02.599,108
2019-02-11 15:21:30.023,107
2019-02-11 15:21:40.401,108
2019-02-11 15:21:43.828,109
2019-02-11 15:21:44.648,110
2019-02-11 15:21:45.508,111
2019-02-11 15:22:09.234,112
2019-02-11 15:22:10.573,111
2019-02-11 15:24:47.794,110
2019-02-11 15:25:36.105,109
2019-02-11 15:26:01.108,108
2019-02-11 15:26:09.468,109
2019-02-11 15:26:09.705,110
2019-02-11 15:26:09.809,111
2019-02-11 15:26:09.909,112
2019-02-11 15:26:10.089,113
2019-02-11 15:26:10.288,114
2019-02-11 15:26:10.489,115
2019-02-11 15:26:10.659,116
2019-02-11 15:26:10.778,117
2019-02-11 15:26:12.179,116
2019-02-11 15:27:26.434,115
2019-02-11 15:27:27.533,116
2019-02-11 15:27:27.703,117
2019-02-11 15:27:27.953,118
2019-02-11 15:27:28.083,119
2019-02-11 15:27:28.324,120
2019-02-11 15:27:28.423,121
2019-02-11 15:27:28.713,122
2019-02-11 15:27:28.834,123
2019-02-11 15:27:29.083,124
2019-02-11 15:27:29.164,125
2019-02-11 15:27:29.346,126
2019-02-11 15:27:29.543,127
2019-02-11 15:27:29.723,128
2019-02-11 15:27:29.892,129
2019-02-11 15:27:30.053,130
2019-02-11 15:27:30.263,131
2019-02-11 15:27:36.279,132
2019-02-11 15:27:40.839,131
2019-02-11 15:27:42.328,130
2019-02-11 15:30:25.942,129
2019-02-11 15:30:37.505,130
2019-02-11 15:30:37.714,131
2019-02-11 15:30:37.943,132
2019-02-11 15:30:38.073,133
2019-02-11 15:30:38.274,134
2019-02-11 15:30:38.523,135
2019-02-11 15:30:39.033,136
2019-02-11 15:30:39.583,137
2019-02-11 15:30:40.223,138
2019-02-11 15:30:47.798,137
2019-02-11 15:30:50.140,136
2019-02-11 15:31:10.159,135
2019-02-11 15:31:16.143,136
2019-02-11 15:31:17.339,137
2019-02-11 15:31:36.924,136
2019-02-11 15:33:02.294,135
2019-02-11 15:33:03.499,136
2019-02-11 15:33:03.739,137
2019-02-11 15:33:04.578,138
2019-02-11 15:33:05.089,139
2019-02-11 15:33:06.039,140
2019-02-11 15:33:06.600,141
2019-02-11 15:33:10.520,142
2019-02-11 15:35:20.280,141
2019-02-11 15:35:21.629,142
2019-02-11 15:35:21.980,143
2019-02-11 15:35:22.119,144
2019-02-11 15:35:22.348,145
2019-02-11 15:35:22.618,146
2019-02-11 15:35:22.868,147
2019-02-11 15:35:23.159,148
2019-02-11 15:35:23.428,149
2019-02-11 15:35:23.678,150
2019-02-11 15:35:23.843,151
2019-02-11 15:35:24.228,152
2019-02-11 15:35:24.533,153
2019-02-11 15:35:24.628,154
2019-02-11 15:35:24.839,155
2019-02-11 15:35:25.209,156
2019-02-11 15:35:26.691,157
2019-02-11 15:35:27.368,158
2019-02-11 15:35:27.964,159
2019-02-11 15:35:37.728,158
2019-02-11 15:35:51.559,157
2019-02-11 15:36:21.089,156
2019-02-11 15:36:23.199,157
2019-02-11 15:36:23.690,158
2019-02-11 15:36:24.208,159
2019-02-11 15:36:24.390,160
2019-02-11 15:36:24.611,161
2019-02-11 15:36:24.874,162
2019-02-11 15:36:25.138,163
2019-02-11 15:36:25.382,164
2019-02-11 15:36:25.839,165
2019-02-11 15:36:26.909,164
2019-02-11 15:38:28.839,163
2019-02-11 15:38:30.019,164
2019-02-11 15:38:30.201,165
2019-02-11 15:38:30.390,166
2019-02-11 15:38:30.599,167
2019-02-11 15:38:30.789,168
2019-02-11 15:38:31.321,169
2019-02-11 15:38:31.849,170
2019-02-11 15:39:38.889,171
2019-02-11 15:39:41.318,172
2019-02-11 15:39:41.499,173
2019-02-11 15:39:41.699,174
2019-02-11 15:39:41.911,175
2019-02-11 15:39:42.070,176
2019-02-11 15:39:42.270,177
2019-02-11 15:39:42.501,178
2019-02-11 15:39:42.630,179
2019-02-11 15:39:42.778,180
2019-02-11 15:39:43.300,181
2019-02-11 15:39:44.640,180
2019-02-11 15:40:45.058,179
2019-02-11 15:40:46.505,180
2019-02-11 15:40:46.968,181
2019-02-11 15:40:47.223,182
2019-02-11 15:40:47.785,183
2019-02-11 15:40:48.394,184
2019-02-11 15:41:13.165,183
2019-02-11 15:41:14.315,184
2019-02-11 15:41:14.565,185
2019-02-11 15:41:15.233,186
2019-02-11 15:44:32.760,187
2019-02-11 15:44:34.824,188
2019-02-11 15:44:35.284,189
2019-02-11 15:44:35.464,190
2019-02-11 15:44:35.677,191
2019-02-11 15:44:35.868,192
2019-02-11 15:44:36.067,193
2019-02-11 15:44:36.634,194
2019-02-11 15:44:36.856,195
2019-02-11 15:44:37.014,196
2019-02-11 15:44:37.204,197
2019-02-11 15:44:37.424,198
2019-02-11 15:44:37.594,199
2019-02-11 15:44:37.794,200
2019-02-11 15:44:38.085,201
2019-02-11 15:44:38.334,202
2019-02-11 15:44:38.536,203
2019-02-11 15:44:38.704,204
2019-02-11 15:44:38.924,205
2019-02-11 15:44:39.064,206
2019-02-11 15:44:39.524,207
2019-02-11 15:44:40.184,208
2019-02-11 15:44:40.444,209
2019-02-11 15:44:40.825,210
2019-02-11 15:44:41.744,211
2019-02-11 15:46:31.785,210
2019-02-11 15:46:33.589,211
2019-02-11 15:46:33.789,212
2019-02-11 15:46:33.991,213
2019-02-11 15:46:34.189,214
2019-02-11 15:46:34.369,215
2019-02-11 15:46:34.569,216
2019-02-11 15:46:34.769,217
2019-02-11 15:46:34.969,218
2019-02-11 15:46:36.139,217
2019-02-11 15:47:15.354,216
2019-02-11 15:47:16.484,217
2019-02-11 15:47:17.216,218
2019-02-11 15:47:23.361,219
2019-02-11 15:48:07.129,218
2019-02-11 15:48:08.684,219
2019-02-11 15:48:08.904,220
2019-02-11 15:48:09.064,221
2019-02-11 15:48:09.229,222
2019-02-11 15:48:09.455,223
2019-02-11 15:48:10.190,224
2019-02-11 15:48:10.444,225
2019-02-11 15:48:10.605,226
2019-02-11 15:48:11.435,227
2019-02-11 15:48:15.035,226
2019-02-11 15:52:34.987,227
2019-02-11 15:52:36.262,228
2019-02-11 15:52:36.422,229
2019-02-11 15:52:36.643,230
2019-02-11 15:52:36.802,231
2019-02-11 15:52:36.981,232
2019-02-11 15:52:37.132,233
2019-02-11 15:52:37.292,234
2019-02-11 15:52:37.518,235
2019-02-11 15:52:38.552,234
2019-02-11 15:54:51.622,233
2019-02-11 15:54:52.772,234
2019-02-11 15:54:52.993,235
2019-02-11 15:54:53.922,236
2019-02-11 15:55:14.340,235
2019-02-11 15:56:12.263,234
2019-02-11 15:56:13.137,233
2019-02-11 15:56:13.927,234
2019-02-11 15:56:14.138,235
2019-02-11 15:56:14.544,236
2019-02-11 15:56:15.049,237
2019-02-11 15:56:15.852,238
2019-02-11 15:56:41.483,237
2019-02-11 15:57:10.837,238
2019-02-11 15:57:12.339,239
2019-02-11 15:57:12.559,240
2019-02-11 15:57:12.708,241
2019-02-11 15:57:12.947,242
2019-02-11 15:57:13.436,243
2019-02-11 15:57:14.076,244
2019-02-11 15:57:14.526,245
2019-02-11 15:57:45.696,244
2019-02-11 16:03:07.980,243
2019-02-11 16:03:09.265,244
2019-02-11 16:03:09.465,245
2019-02-11 16:03:09.710,246
2019-02-11 16:03:09.865,247
2019-02-11 16:03:10.165,248
2019-02-11 16:03:10.675,249
2019-02-11 16:03:11.515,248
2019-02-11 16:08:18.805,247
2019-02-11 16:08:19.885,248
2019-02-11 16:08:20.115,249
2019-02-11 16:08:21.344,250
2019-02-11 16:08:26.644,249
2019-02-11 16:10:44.618,248
2019-02-11 16:10:45.603,249
2019-02-11 16:10:45.773,250
2019-02-11 16:10:45.976,251
2019-02-11 16:10:46.163,252
2019-02-11 16:10:46.343,253
2019-02-11 16:10:46.753,254
2019-02-11 16:10:51.515,255
2019-02-11 16:11:10.453,254
2019-02-11 16:11:32.869,253
2019-02-11 16:11:39.033,254
2019-02-11 16:12:41.873,253
2019-02-11 16:12:43.280,254
2019-02-11 16:12:43.458,255
2019-02-11 16:12:43.670,256
2019-02-11 16:12:43.859,257
2019-02-11 16:12:44.403,258
2019-02-11 16:13:55.944,257
2019-02-11 16:14:20.975,256
2019-02-11 16:14:22.313,257
2019-02-11 16:15:26.288,256
2019-02-11 16:15:29.108,255
2019-02-11 16:16:09.415,256
2019-02-11 16:18:17.655,255
2019-02-11 16:18:18.808,256
2019-02-11 16:18:19.044,257
2019-02-11 16:18:19.204,258
2019-02-11 16:18:19.414,259
2019-02-11 16:18:20.158,260
2019-02-11 16:18:20.354,261
2019-02-11 16:18:20.983,262
2019-02-11 16:18:21.454,263
2019-02-11 16:18:22.254,264
2019-02-11 16:18:27.303,263
2019-02-11 16:20:25.278,264
2019-02-11 16:20:26.340,265
2019-02-11 16:20:26.538,266
2019-02-11 16:20:26.729,267
2019-02-11 16:20:26.938,268
2019-02-11 16:20:27.141,269
2019-02-11 16:20:27.738,270
2019-02-11 16:20:32.868,271
2019-02-11 16:20:33.888,272
2019-02-11 16:22:02.563,271
2019-02-11 16:22:04.008,272
2019-02-11 16:22:06.498,273
2019-02-11 16:22:16.002,272
2019-02-11 16:22:24.719,271
2019-02-11 16:22:59.394,270
2019-02-11 16:23:55.616,271
2019-02-11 16:23:57.220,270
2019-02-11 16:23:58.213,271
2019-02-11 16:23:59.163,270
2019-02-11 16:24:00.065,269
2019-02-11 16:24:00.734,270
2019-02-11 16:24:00.936,271
2019-02-11 16:24:01.153,272
2019-02-11 16:24:01.313,273
2019-02-11 16:24:01.513,274
2019-02-11 16:24:01.733,275
2019-02-11 16:24:01.937,276
2019-02-11 16:24:02.114,277
2019-02-11 16:24:03.144,276
2019-02-11 16:24:03.357,275
2019-02-11 16:24:04.613,274
2019-02-11 16:24:07.363,275
2019-02-11 16:24:36.179,274
2019-02-11 16:25:09.543,273
2019-02-11 16:26:11.033,274
2019-02-11 16:26:19.499,273
2019-02-11 16:26:19.792,272
2019-02-11 16:26:19.952,271
2019-02-11 16:26:20.878,270
2019-02-11 16:26:21.118,269
2019-02-11 16:26:21.238,268
2019-02-11 16:26:21.419,267
2019-02-11 16:26:21.557,266
2019-02-11 16:26:21.759,265
2019-02-11 16:26:21.936,264
2019-02-11 16:26:22.147,263
2019-02-11 16:26:22.301,262
2019-02-11 16:26:22.512,261
2019-02-11 16:26:22.675,260
2019-02-11 16:26:22.857,259
2019-02-11 16:26:23.279,258
2019-02-11 16:26:23.365,257
2019-02-11 16:26:23.462,256
2019-02-11 16:26:23.648,255
2019-02-11 16:26:23.837,254
2019-02-11 16:26:24.038,253
2019-02-11 16:26:24.159,252
2019-02-11 16:26:24.357,251
2019-02-11 16:26:24.488,250
2019-02-11 16:26:24.689,249
2019-02-11 16:26:24.828,248
2019-02-11 16:26:25.007,247
2019-02-11 16:26:25.199,246
2019-02-11 16:26:28.053,245
2019-02-11 16:26:28.217,244
2019-02-11 16:26:28.408,243
2019-02-11 16:26:28.577,242
2019-02-11 16:26:28.737,241
2019-02-11 16:26:28.957,240
2019-02-11 16:26:29.108,239
2019-02-11 16:26:29.287,238
2019-02-11 16:26:29.502,237
2019-02-11 16:26:29.657,236
2019-02-11 16:26:29.847,235
2019-02-11 16:26:30.017,234
2019-02-11 16:26:30.307,233
2019-02-11 16:26:30.489,232
2019-02-11 16:26:30.697,231
2019-02-11 16:26:30.847,230
2019-02-11 16:26:31.027,229
2019-02-11 16:26:31.198,228
2019-02-11 16:26:31.389,227
2019-02-11 16:26:31.576,226
2019-02-11 16:26:31.749,225
2019-02-11 16:26:31.937,224
2019-02-11 16:26:32.136,223
2019-02-11 16:26:32.366,222
2019-02-11 16:26:32.497,221
2019-02-11 16:26:32.678,220
2019-02-11 16:26:32.867,219
2019-02-11 16:26:33.037,218
2019-02-11 16:26:33.228,217
2019-02-11 16:26:33.437,216
2019-02-11 16:26:33.617,215
2019-02-11 16:27:21.348,214
2019-02-11 16:27:23.314,213
2019-02-11 16:28:17.253,212
2019-02-11 16:28:18.848,213
2019-02-11 16:28:19.078,214
2019-02-11 16:28:19.838,215
2019-02-11 16:28:39.757,214
2019-02-11 16:31:09.257,213
2019-02-11 16:31:10.424,214
2019-02-11 16:34:24.426,215
2019-02-11 16:34:26.321,216
2019-02-11 16:34:26.475,217
2019-02-11 16:34:26.661,218
2019-02-11 16:34:26.839,219
2019-02-11 16:34:27.024,220
2019-02-11 16:34:27.151,221
2019-02-11 16:34:27.333,222
2019-02-11 16:34:27.499,223
2019-02-11 16:34:27.661,224
2019-02-11 16:34:27.817,225
2019-02-11 16:34:29.119,224
2019-02-11 16:34:30.129,223
2019-02-11 16:34:40.469,222
2019-02-11 16:35:04.910,221
2019-02-11 16:35:06.609,222
2019-02-11 16:36:33.817,221
2019-02-11 16:36:33.987,220
2019-02-11 16:36:34.177,219
2019-02-11 16:36:34.366,218
2019-02-11 16:36:34.557,217
2019-02-11 16:36:34.746,216
2019-02-11 16:36:34.927,215
2019-02-11 16:36:35.116,214
2019-02-11 16:36:35.287,213
2019-02-11 16:36:35.497,212
2019-02-11 16:36:35.667,211
2019-02-11 16:36:35.888,210
2019-02-11 16:36:36.037,209
2019-02-11 16:36:36.236,208
2019-02-11 16:36:36.427,207
2019-02-11 16:36:36.606,206
2019-02-11 16:36:36.778,205
2019-02-11 16:36:36.957,204
2019-02-11 16:36:37.127,203
2019-02-11 16:36:37.306,202
2019-02-11 16:36:37.487,201
2019-02-11 16:36:37.657,200
2019-02-11 16:36:37.857,199
2019-02-11 16:36:38.030,198
2019-02-11 16:36:38.249,197
2019-02-11 16:36:38.417,196
2019-02-11 16:36:38.588,195
2019-02-11 16:36:38.768,194
2019-02-11 16:36:39.015,193
2019-02-11 16:36:39.134,192
2019-02-11 16:36:39.317,191
2019-02-11 16:36:39.487,190
2019-02-11 16:36:39.686,189
2019-02-11 16:36:39.907,188
2019-02-11 16:36:40.097,187
2019-02-11 16:36:40.266,186
2019-02-11 16:36:40.456,185
2019-02-11 16:36:40.657,184
2019-02-11 16:36:40.857,183
2019-02-11 16:36:41.046,182
2019-02-11 16:36:41.247,181
2019-02-11 16:36:41.436,180
2019-02-11 16:36:41.606,179
2019-02-11 16:36:41.776,178
2019-02-11 16:36:41.977,177
2019-02-11 16:36:42.167,176
2019-02-11 16:36:42.347,175
2019-02-11 16:36:42.548,174
2019-02-11 16:36:42.736,173
2019-02-11 16:36:42.936,172
2019-02-11 16:36:43.126,171
2019-02-11 16:36:43.306,170
2019-02-11 16:36:43.517,169
2019-02-11 16:36:43.687,168
2019-02-11 16:36:43.896,167
2019-02-11 16:36:44.087,166
2019-02-11 16:36:44.297,165
2019-02-11 16:36:44.498,164
2019-02-11 16:36:44.686,163
2019-02-11 16:36:44.916,162
2019-02-11 16:36:45.066,161
2019-02-11 16:36:45.247,160
2019-02-11 16:36:45.456,159
2019-02-11 16:36:45.677,158
2019-02-11 16:36:45.862,157
2019-02-11 16:36:46.047,156
2019-02-11 16:36:46.247,155
2019-02-11 16:36:46.489,154
2019-02-11 16:36:46.667,153
2019-02-11 16:36:46.847,152
2019-02-11 16:36:47.153,151
2019-02-11 16:36:47.227,150
2019-02-11 16:36:47.418,149
2019-02-11 16:36:47.617,148
2019-02-11 16:36:47.787,147
2019-02-11 16:36:47.977,146
2019-02-11 16:36:48.157,145
2019-02-11 16:36:48.337,144
2019-02-11 16:36:48.577,143
2019-02-11 16:36:48.767,142
2019-02-11 16:37:31.225,143
2019-02-11 16:38:16.254,142
2019-02-11 16:38:36.104,141
2019-02-11 16:39:33.973,140
2019-02-11 16:39:38.613,139
2019-02-11 16:45:48.927,138
2019-02-11 16:45:49.117,137
2019-02-11 16:45:49.267,136
2019-02-11 16:45:49.486,135
2019-02-11 16:45:49.668,134
2019-02-11 16:45:49.847,133
2019-02-11 16:45:50.037,132
2019-02-11 16:45:50.247,131
2019-02-11 16:45:50.436,130
2019-02-11 16:45:50.646,129
2019-02-11 16:45:50.816,128
2019-02-11 16:45:51.037,127
2019-02-11 16:45:51.197,126
2019-02-11 16:45:51.406,125
2019-02-11 16:45:51.626,124
2019-02-11 16:45:51.807,123
2019-02-11 16:45:51.987,122
2019-02-11 16:45:52.226,121
2019-02-11 16:45:52.397,120
2019-02-11 16:45:52.616,119
2019-02-11 16:45:52.807,118
2019-02-11 16:45:53.047,117
2019-02-11 16:48:30.097,118
2019-02-11 16:48:57.100,117
2019-02-11 16:50:35.963,116
2019-02-11 16:51:39.567,115
2019-02-11 16:57:40.532,114
2019-02-11 16:57:53.237,113
2019-02-11 16:57:53.407,112
2019-02-11 16:57:53.627,111
2019-02-11 16:57:53.835,110
2019-02-11 16:57:54.027,109
2019-02-11 16:57:54.217,108
2019-02-11 16:57:54.407,107
2019-02-11 16:57:54.610,106
2019-02-11 16:57:54.787,105
2019-02-11 16:57:55.016,104
2019-02-11 16:57:55.216,103
2019-02-11 16:57:55.397,102
2019-02-11 16:57:55.587,101
2019-02-11 16:57:55.777,100
2019-02-11 16:57:56.006,99
2019-02-11 16:57:56.178,98
2019-02-11 16:57:56.387,97
2019-02-11 16:57:56.587,96
2019-02-11 16:57:56.797,95
2019-02-11 16:57:56.987,94
2019-02-11 16:57:57.187,93
2019-02-11 16:57:57.387,92
2019-02-11 16:57:57.577,91
2019-02-11 16:57:57.767,90
2019-02-11 16:57:57.988,89
2019-02-11 16:57:58.167,88
2019-02-11 16:57:58.347,87
2019-02-11 16:57:58.547,86
2019-02-11 16:57:58.756,85
2019-02-11 16:57:58.957,84
2019-02-11 16:57:59.157,83
2019-02-11 16:57:59.387,82
2019-02-11 16:57:59.576,81
2019-02-11 16:57:59.786,80
2019-02-11 16:58:00.002,79
2019-02-11 16:58:00.237,78
2019-02-11 16:58:00.426,77
2019-02-11 16:58:00.656,76
2019-02-11 16:58:00.877,75
2019-02-11 16:58:01.097,74
2019-02-11 16:58:01.296,73
2019-02-11 16:58:01.457,72
2019-02-11 16:58:01.656,71
2019-02-11 16:58:01.887,70
2019-02-11 16:58:02.077,69
2019-02-11 16:58:02.257,68
2019-02-11 16:58:02.507,67
2019-02-11 16:58:02.717,66
2019-02-11 16:58:02.937,65
2019-02-11 16:58:03.157,64
2019-02-11 16:58:03.367,63
2019-02-11 16:58:03.567,62
2019-02-11 16:58:03.786,61
2019-02-11 16:58:03.967,60
2019-02-11 16:58:04.156,59
2019-02-11 16:58:04.347,58
2019-02-11 16:58:04.576,57
2019-02-11 16:58:04.767,56
2019-02-11 16:58:04.936,55
2019-02-11 16:58:05.127,54
2019-02-11 16:58:05.317,53
2019-02-11 16:58:05.476,52
2019-02-11 16:58:05.689,51
2019-02-11 16:58:05.867,50
2019-02-11 16:58:06.037,49
2019-02-11 16:58:07.647,50
2019-02-11 16:58:08.527,51
2019-02-11 16:58:09.257,52
2019-02-11 16:58:09.987,53
2019-02-11 16:58:10.687,54
2019-02-11 16:59:35.203,55
2019-02-11 17:01:54.558,54
2019-02-11 17:01:55.779,53
2019-02-11 17:04:09.799,52
2019-02-11 17:05:07.120,51
2019-02-11 17:06:51.494,50
2019-02-11 17:20:49.785,49
2019-02-11 17:46:46.368,48
2019-02-11 17:46:47.123,47
2019-02-11 17:46:47.383,46
2019-02-11 17:46:47.623,45
2019-02-11 17:46:50.083,44
2019-02-11 17:54:33.142,43
2019-02-11 17:54:33.462,42
2019-02-11 17:54:34.047,41
2019-02-11 17:54:34.348,40
2019-02-11 17:54:34.412,39
2019-02-11 17:54:34.727,38
2019-02-11 17:54:34.842,37
2019-02-11 17:54:35.013,36
2019-02-11 17:54:35.247,35
2019-02-11 17:54:35.757,34
2019-02-11 17:54:36.016,33
2019-02-11 17:54:36.147,32
2019-02-11 17:54:36.457,31
2019-02-11 17:54:36.712,30
2019-02-11 17:54:37.238,29
2019-02-11 17:54:37.803,28
2019-02-11 17:54:38.146,27
2019-02-11 17:54:39.005,26
2019-02-11 17:54:39.006,25
2019-02-11 17:54:39.007,24
2019-02-11 17:54:39.008,23
2019-02-11 17:54:39.009,22
2019-02-11 17:54:39.516,21
2019-02-11 17:54:39.870,20
2019-02-11 18:00:43.026,19
2019-02-11 18:07:38.254,18
2019-02-11 18:07:38.255,17
2019-02-11 18:07:39.139,16
2019-02-11 18:15:14.165,15
2019-02-11 18:15:14.993,14
2019-02-11 18:15:17.172,13
2019-02-11 18:23:54.144,12
2019-02-11 18:23:54.858,11
2019-02-11 18:23:55.089,10
2019-02-11 18:23:55.281,9
2019-02-11 18:32:28.138,8
2019-02-11 18:32:29.083,7
2019-02-11 18:32:30.168,6
2019-02-11 18:35:50.157,5
2019-02-11 18:35:50.596,4
2019-02-11 18:35:51.956,3
2019-02-11 18:37:01.676,2
2019-02-11 18:37:03.511,1
